scale,schema,query,seconds,correct,runs
1000,flat,Q02,0.0006857,True,8.438e-04;7.070e-04;6.857e-04;7.105e-04;7.068e-04
1000,mid,Q02,0.0009014,True,9.746e-04;1.009e-03;9.558e-04;1.051e-03;9.014e-04
1000,normalized,Q02,0.00256675,True,2.628e-03;2.570e-03;2.606e-03;2.613e-03;2.567e-03
1000,flat,Q11,0.00037785,True,4.280e-04;3.924e-04;4.050e-04;3.778e-04;3.885e-04
1000,mid,Q11,0.0004999000000000001,True,5.174e-04;5.523e-04;4.999e-04;5.336e-04;5.178e-04
1000,normalized,Q11,0.0012185000000000002,True,1.219e-03;1.220e-03;1.245e-03;1.247e-03;1.225e-03
1000,flat,Q13,0.00048185,True,5.867e-04;5.178e-04;5.192e-04;5.016e-04;4.818e-04
1000,mid,Q13,0.00044965,True,4.744e-04;4.776e-04;4.662e-04;4.497e-04;4.597e-04
1000,normalized,Q13,0.00092515,True,1.155e-03;9.374e-04;9.644e-04;9.338e-04;9.252e-04
1000,flat,Q17,0.0013335,True,1.406e-03;1.390e-03;1.359e-03;1.334e-03;1.354e-03
1000,mid,Q17,0.0013707,True,1.405e-03;1.398e-03;1.395e-03;1.371e-03;1.395e-03
1000,normalized,Q17,0.0030628500000000006,True,3.124e-03;3.063e-03;3.121e-03;3.094e-03;3.085e-03
1000,flat,Q18,0.00083015,True,9.811e-04;8.347e-04;8.331e-04;8.301e-04;8.652e-04
1000,mid,Q18,0.00059995,True,6.000e-04;6.579e-04;6.469e-04;6.465e-04;7.065e-04
1000,normalized,Q18,0.00069765,True,7.775e-04;6.976e-04;7.658e-04;7.745e-04;7.945e-04
1000,flat,Q19,0.00020010000000000004,True,2.277e-04;2.114e-04;2.001e-04;2.075e-04;2.087e-04
1000,mid,Q19,0.0009055,True,9.110e-04;9.836e-04;9.608e-04;9.055e-04;9.717e-04
1000,normalized,Q19,0.0012653000000000002,True,1.265e-03;1.279e-03;1.302e-03;1.284e-03;1.401e-03
3000,flat,Q02,0.00084745,True,9.670e-04;8.852e-04;8.518e-04;8.475e-04;8.568e-04
3000,mid,Q02,0.00114365,True,1.214e-03;1.189e-03;1.200e-03;1.144e-03;1.146e-03
3000,normalized,Q02,0.004138350000000001,True,4.231e-03;4.138e-03;4.164e-03;4.147e-03;4.293e-03
3000,flat,Q11,0.00046765,True,5.666e-04;5.078e-04;4.929e-04;4.826e-04;4.677e-04
3000,mid,Q11,0.0005639999999999999,True,6.329e-04;5.640e-04;5.664e-04;6.016e-04;5.816e-04
3000,normalized,Q11,0.0020269000000000003,True,2.030e-03;2.027e-03;2.057e-03;2.040e-03;2.067e-03
3000,flat,Q13,0.0008042500000000001,True,9.325e-04;8.059e-04;8.057e-04;8.130e-04;8.043e-04
3000,mid,Q13,0.00077205,True,8.460e-04;7.721e-04;7.870e-04;7.953e-04;7.798e-04
3000,normalized,Q13,0.00140225,True,1.608e-03;1.461e-03;1.458e-03;1.436e-03;1.402e-03
3000,flat,Q17,0.0029235500000000005,True,2.986e-03;2.924e-03;2.931e-03;2.928e-03;2.943e-03
3000,mid,Q17,0.0024030999999999996,True,2.437e-03;2.410e-03;2.405e-03;2.412e-03;2.403e-03
3000,normalized,Q17,0.006801,True,6.889e-03;6.856e-03;6.801e-03;6.894e-03;6.853e-03
3000,flat,Q18,0.0021061499999999998,True,2.149e-03;2.119e-03;2.110e-03;2.106e-03;2.155e-03
3000,mid,Q18,0.00074075,True,8.088e-04;8.452e-04;7.407e-04;7.954e-04;7.721e-04
3000,normalized,Q18,0.00113135,True,1.131e-03;1.219e-03;1.204e-03;1.133e-03;1.200e-03
3000,flat,Q19,0.0002824,True,2.990e-04;3.142e-04;2.875e-04;2.941e-04;2.824e-04
3000,mid,Q19,0.0011914500000000001,True,1.315e-03;1.265e-03;1.226e-03;1.191e-03;1.242e-03
3000,normalized,Q19,0.0020658000000000004,True,2.208e-03;2.236e-03;2.066e-03;2.309e-03;2.159e-03
10000,flat,Q02,0.0014335499999999998,True,1.678e-03;1.502e-03;1.454e-03;1.434e-03;1.477e-03
10000,mid,Q02,0.0016384000000000001,True,1.722e-03;1.656e-03;1.638e-03;1.689e-03;1.706e-03
10000,normalized,Q02,0.0093459,True,9.494e-03;9.436e-03;9.465e-03;9.346e-03;9.347e-03
10000,flat,Q11,0.0009699999999999999,True,1.053e-03;9.995e-04;9.867e-04;9.723e-04;9.700e-04
10000,mid,Q11,0.00070245,True,7.049e-04;7.024e-04;7.300e-04;7.041e-04;7.325e-04
10000,normalized,Q11,0.004825049999999999,True,4.886e-03;4.869e-03;4.863e-03;4.825e-03;4.846e-03
10000,flat,Q13,0.00103035,True,1.267e-03;1.050e-03;1.030e-03;1.065e-03;1.039e-03
10000,mid,Q13,0.0010023,True,1.187e-03;1.056e-03;1.018e-03;1.015e-03;1.002e-03
10000,normalized,Q13,0.0020371499999999997,True,2.412e-03;2.046e-03;2.054e-03;2.037e-03;2.074e-03
10000,flat,Q17,0.0091512,True,9.421e-03;9.218e-03;9.182e-03;9.151e-03;9.209e-03
10000,mid,Q17,0.005131749999999999,True,5.203e-03;5.200e-03;5.141e-03;5.174e-03;5.132e-03
10000,normalized,Q17,0.0173864,True,1.771e-02;1.757e-02;1.739e-02;1.743e-02;1.751e-02
10000,flat,Q18,0.006931399999999999,True,6.985e-03;7.003e-03;6.962e-03;6.953e-03;6.931e-03
10000,mid,Q18,0.0013623499999999998,True,1.399e-03;1.375e-03;1.365e-03;1.362e-03;1.415e-03
10000,normalized,Q18,0.0026503,True,2.707e-03;2.693e-03;2.673e-03;2.657e-03;2.650e-03
10000,flat,Q19,0.000718,True,7.733e-04;7.379e-04;7.426e-04;7.180e-04;7.402e-04
10000,mid,Q19,0.0023283500000000003,True,2.427e-03;2.427e-03;2.350e-03;2.328e-03;2.426e-03
10000,normalized,Q19,0.00497825,True,5.038e-03;4.986e-03;4.978e-03;4.978e-03;5.046e-03
