scale,schema,query,hops,prop_reads,seconds,correct
1000,flat,Q01,6,18,6.16874999999073e-06,True
1000,flat_indexed,Q01,6,18,6.072900000009262e-06,True
1000,mid,Q01,12,18,8.591650000000506e-06,True
1000,normalized,Q01,31,25,1.5179149999999809e-05,True
1000,flat,Q02,132,116,5.409375000000605e-05,True
1000,flat_indexed,Q02,132,116,5.3629150000000794e-05,True
1000,mid,Q02,365,116,0.00012417289999999692,True
1000,normalized,Q02,863,249,0.00029974790000000253,True
1000,flat,Q03,101,46,2.6145850000003357e-05,True
1000,flat_indexed,Q03,101,46,2.6016699999997782e-05,True
1000,mid,Q03,101,46,2.6206250000004872e-05,True
1000,normalized,Q03,209,52,6.491250000000282e-05,True
1000,flat,Q04,101,59,3.7560400000002935e-05,True
1000,flat_indexed,Q04,101,59,3.71458499999866e-05,True
1000,mid,Q04,129,74,4.644165000000644e-05,True
1000,normalized,Q04,265,80,9.859164999999059e-05,True
1000,flat,Q05,710,0,0.00014680000000000248,True
1000,flat_indexed,Q05,710,0,0.0001464812500000079,True
1000,mid,Q05,710,0,0.00014806670000000466,True
1000,normalized,Q05,1427,34,0.0004423207999999956,True
1000,flat,Q06,1741,1405,0.0006268562500000074,True
1000,flat_indexed,Q06,1741,1405,0.000625139550000009,True
1000,mid,Q06,3184,2146,0.0010665396000000271,True
1000,normalized,Q06,6501,2279,0.002575858350000004,True
1000,flat,Q07,22,2,5.443749999978209e-06,True
1000,flat_indexed,Q07,22,2,5.410449999976308e-06,True
1000,mid,Q07,22,2,5.366649999993811e-06,True
1000,normalized,Q07,49,13,1.5789549999967178e-05,True
1000,flat,Q08,14,5,4.7291500000046225e-06,True
1000,flat_indexed,Q08,14,5,4.768749999994881e-06,True
1000,mid,Q08,14,5,4.712500000003672e-06,True
1000,normalized,Q08,28,5,1.0404150000020706e-05,True
1000,flat,Q09,3349,1608,0.0009945541500000043,True
1000,flat_indexed,Q09,3349,1608,0.0009876978999999952,True
1000,mid,Q09,3349,1608,0.0009912229000000217,True
1000,normalized,Q09,6831,1741,0.002505056250000015,True
1000,flat,Q10,24,25,1.3439599999998109e-05,True
1000,flat_indexed,Q10,24,25,1.3464599999979398e-05,True
1000,mid,Q10,36,31,1.7864600000017105e-05,True
1000,normalized,Q10,79,37,3.4064600000016655e-05,True
1000,flat,Q11,6,6,3.620800000003754e-06,True
1000,flat_indexed,Q11,6,6,3.6249999999959927e-06,True
1000,mid,Q11,24,18,1.0562500000022012e-05,True
1000,normalized,Q11,55,33,2.4191700000031348e-05,True
1000,flat,Q12,150,97,7.320834999999804e-05,True
1000,flat_indexed,Q12,150,97,7.328750000001882e-05,True
1000,mid,Q12,532,349,0.00023817295000001516,True
1000,normalized,Q12,989,355,0.0004370208499999695,True
1000,flat,Q13,7050,0,0.0009160479500000207,True
1000,flat_indexed,Q13,7050,0,0.0009138457999999794,True
1000,mid,Q13,7050,0,0.0009237917000000095,True
1000,normalized,Q13,21150,7050,0.004664366650000007,True
1000,flat,Q14,218934,55339,0.07434616455000001,True
1000,flat_indexed,Q14,218934,55339,0.07537828334999999,True
1000,mid,Q14,218934,55339,0.0744788604,True
1000,normalized,Q14,444950,62421,0.20528149169999974,True
1000,flat,Q15,3,1,2.1541999998930804e-06,True
1000,flat_indexed,Q15,3,1,2.1500000002561137e-06,True
1000,mid,Q15,3,1,2.1458499997351057e-06,True
1000,normalized,Q15,4,1,3.0062499998706473e-06,True
1000,flat,Q16,56,20,1.9789599999953113e-05,True
1000,flat_indexed,Q16,56,20,2.0162500000253658e-05,True
1000,mid,Q16,97,20,3.301875000012444e-05,True
1000,normalized,Q16,195,40,7.71562499998879e-05,True
1000,flat,Q17,2850,2236,0.0012427146000000278,True
1000,flat_indexed,Q17,2006,1236,0.0007902958499997226,True
1000,mid,Q17,3260,1871,0.0012831104499998248,True
1000,normalized,Q17,6520,1871,0.0031086604000002183,True
1000,flat,Q18,11785,12322,0.0030651083000002187,True
1000,flat_indexed,Q18,537,537,0.00020909375000002228,True
1000,mid,Q18,537,537,0.0002079729500000127,True
1000,normalized,Q18,1074,537,0.0005230728999997325,True
1000,flat,Q19,1000,1121,0.00028257710000012537,True
1000,flat_indexed,Q19,121,121,8.284580000008645e-05,True
1000,mid,Q19,471,349,0.0002403020500000963,True
1000,normalized,Q19,942,524,0.00047361460000026054,True
1000,flat,Q20,2032,0,0.0025825562499999675,True
1000,flat_indexed,Q20,2032,0,0.00260194585000022,True
1000,mid,Q20,2032,0,0.0024910270499997724,True
1000,normalized,Q20,6098,2032,0.003665527099999721,True
3000,flat,Q01,7,22,7.2354000003826965e-06,True
3000,flat_indexed,Q01,7,22,7.106250000532555e-06,True
3000,mid,Q01,14,22,9.966650000592381e-06,True
3000,normalized,Q01,37,29,1.8187500000266255e-05,True
3000,flat,Q02,124,114,6.092710000018542e-05,True
3000,flat_indexed,Q02,124,114,5.5516649999987064e-05,True
3000,mid,Q02,352,114,0.00013573749999977734,True
3000,normalized,Q02,829,238,0.0003023687500004257,True
3000,flat,Q03,112,43,2.7208350000051952e-05,True
3000,flat_indexed,Q03,112,43,2.754165000027342e-05,True
3000,mid,Q03,112,43,2.7468749999570717e-05,True
3000,normalized,Q03,231,51,7.202500000005329e-05,True
3000,flat,Q04,112,55,3.819165000038538e-05,True
3000,flat_indexed,Q04,112,55,3.762500000021873e-05,True
3000,mid,Q04,134,66,5.144790000031207e-05,True
3000,normalized,Q04,277,74,0.0001143332999994584,True
3000,flat,Q05,849,0,0.0001816728999997963,True
3000,flat_indexed,Q05,849,0,0.00019110624999996162,True
3000,mid,Q05,849,0,0.00018719374999989213,True
3000,normalized,Q05,1706,40,0.0006127979500000436,True
3000,flat,Q06,1768,1512,0.0007587854000000504,True
3000,flat_indexed,Q06,1768,1512,0.0007044228999994572,True
3000,mid,Q06,3269,2257,0.0012993229499997482,True
3000,normalized,Q06,6662,2381,0.0032641417000000674,True
3000,flat,Q07,22,3,5.652099999764459e-06,True
3000,flat_indexed,Q07,22,3,5.591649999558968e-06,True
3000,mid,Q07,22,3,5.616650000206391e-06,True
3000,normalized,Q07,50,14,1.6656249999869033e-05,True
3000,flat,Q08,14,7,5.366650000127038e-06,True
3000,flat_indexed,Q08,14,7,5.2646000000322605e-06,True
3000,mid,Q08,14,7,5.295849999953362e-06,True
3000,normalized,Q08,27,7,1.1260400000168148e-05,True
3000,flat,Q09,3412,1644,0.0011568937500001653,True
3000,flat_indexed,Q09,3412,1644,0.001274045800000323,True
3000,mid,Q09,3412,1644,0.0012370479499999476,True
3000,normalized,Q09,6949,1768,0.003131574999999742,True
3000,flat,Q10,22,26,1.364789999982463e-05,True
3000,flat_indexed,Q10,22,26,1.3712500000195859e-05,True
3000,mid,Q10,35,33,1.7722899999483845e-05,True
3000,normalized,Q10,77,40,3.420414999979471e-05,True
3000,flat,Q11,7,7,4.2562499999121425e-06,True
3000,flat_indexed,Q11,7,7,4.189599999904204e-06,True
3000,mid,Q11,29,21,1.2689549999578275e-05,True
3000,normalized,Q11,66,40,2.866665000027524e-05,True
3000,flat,Q12,172,121,9.56583499998942e-05,True
3000,flat_indexed,Q12,172,121,9.133750000032138e-05,True
3000,mid,Q12,656,441,0.0003044645999999318,True
3000,normalized,Q12,1217,449,0.000594254150000495,True
3000,flat,Q13,18925,0,0.0027180167000004475,True
3000,flat_indexed,Q13,18925,0,0.002751677050000012,True
3000,mid,Q13,18925,0,0.0029227667000000677,True
3000,normalized,Q13,56777,18925,0.0155875833500005,True
3000,flat,Q14,614165,152185,0.26670479165000033,True
3000,flat_indexed,Q14,614165,152185,0.23702132084999974,True
3000,mid,Q14,614165,152185,0.26418909374999944,True
3000,normalized,Q14,1247733,171588,0.6907676541499995,True
3000,flat,Q15,3,2,2.5395999998067962e-06,True
3000,flat_indexed,Q15,3,2,2.5395999998067962e-06,True
3000,mid,Q15,3,2,2.570849999017355e-06,True
3000,normalized,Q15,6,2,3.7750000004166397e-06,True
3000,flat,Q16,55,19,2.0066649999250785e-05,True
3000,flat_indexed,Q16,55,19,2.077914999887298e-05,True
3000,mid,Q16,95,19,3.321249999999054e-05,True
3000,normalized,Q16,190,39,7.891249999971705e-05,True
3000,flat,Q17,6690,5418,0.0031145082999998407,True
3000,flat_indexed,Q17,4007,2418,0.0016963291500005084,True
3000,mid,Q17,6432,3634,0.00250279374999991,True
3000,normalized,Q17,12864,3634,0.006929781249999678,True
3000,flat,Q18,35208,37082,0.008812368749998712,True
3000,flat_indexed,Q18,1874,1874,0.0006414937499997109,True
3000,mid,Q18,1874,1874,0.0007228896000000873,True
3000,normalized,Q18,3749,1874,0.0017074020999999107,True
3000,flat,Q19,3000,3278,0.0007843833500004394,True
3000,flat_indexed,Q19,278,278,0.00020087919999980385,True
3000,mid,Q19,1113,835,0.0005539145500009113,True
3000,normalized,Q19,2227,1253,0.0010740791999992894,True
3000,flat,Q20,2198,0,0.0021988249999992603,True
3000,flat_indexed,Q20,2198,0,0.002204799999999807,True
3000,mid,Q20,2198,0,0.002184485450000295,True
3000,normalized,Q20,6595,2198,0.0034379583499998035,True
10000,flat,Q01,10,30,9.918749998405475e-06,True
10000,flat_indexed,Q01,10,30,1.0066650000339905e-05,True
10000,mid,Q01,20,30,1.3945800000669806e-05,True
10000,normalized,Q01,51,41,2.4929149998342836e-05,True
10000,flat,Q02,226,211,0.0001058124999985921,True
10000,flat_indexed,Q02,226,211,0.00010542920000204959,True
10000,mid,Q02,648,211,0.00024275414999976874,True
10000,normalized,Q02,1523,437,0.0006168978999994579,True
10000,flat,Q03,169,77,4.558539999948153e-05,True
10000,flat_indexed,Q03,169,77,4.578124999738975e-05,True
10000,mid,Q03,169,77,4.574579999996331e-05,True
10000,normalized,Q03,349,88,0.00011726875000022119,True
10000,flat,Q04,169,98,6.41791499987221e-05,True
10000,flat_indexed,Q04,169,98,6.629999999745451e-05,True
10000,mid,Q04,210,118,8.37416500019117e-05,True
10000,normalized,Q04,430,128,0.00016822704999981398,True
10000,flat,Q05,1356,0,0.00036693330000048263,True
10000,flat_indexed,Q05,1356,0,0.0004136666500016872,True
10000,mid,Q05,1356,0,0.0004258791500006964,True
10000,normalized,Q05,2722,57,0.0013901167000000213,True
10000,flat,Q06,3389,3032,0.0017489041999994015,True
10000,flat_indexed,Q06,3389,3032,0.0017863895999994384,True
10000,mid,Q06,6413,4540,0.0030358208499990267,True
10000,normalized,Q06,13053,4766,0.007574962499998605,True
10000,flat,Q07,29,4,7.793750000928412e-06,True
10000,flat_indexed,Q07,29,4,7.24795000053291e-06,True
10000,mid,Q07,29,4,7.466650001219932e-06,True
10000,normalized,Q07,67,20,2.197919999957776e-05,True
10000,flat,Q08,17,9,6.727050001131829e-06,True
10000,flat_indexed,Q08,17,9,6.67500000020027e-06,True
10000,mid,Q08,17,9,6.572899999923721e-06,True
10000,normalized,Q08,34,9,1.315625000017917e-05,True
10000,flat,Q09,6552,3163,0.003017679149999708,True
10000,flat_indexed,Q09,6552,3163,0.0031213333500005546,True
10000,mid,Q09,6552,3163,0.00314207705000058,True
10000,normalized,Q09,13331,3389,0.007066585399999781,True
10000,flat,Q10,35,40,2.2118749998867316e-05,True
10000,flat_indexed,Q10,35,40,2.232499999763604e-05,True
10000,mid,Q10,55,51,2.9356249999068496e-05,True
10000,normalized,Q10,122,61,5.83124999991469e-05,True
10000,flat,Q11,10,10,5.587499998682688e-06,True
10000,flat_indexed,Q11,10,10,5.537500001651097e-06,True
10000,mid,Q11,42,31,1.849790000107987e-05,True
10000,normalized,Q11,94,58,4.217289999814966e-05,True
10000,flat,Q12,250,162,0.00016613749999976334,True
10000,flat_indexed,Q12,250,162,0.00013531875000012407,True
10000,mid,Q12,918,608,0.00046370624999951814,True
10000,normalized,Q12,1706,618,0.0009811645500008126,True
10000,flat,Q13,59890,0,0.014405043749999891,True
10000,flat_indexed,Q13,59890,0,0.014330310449997797,True
10000,mid,Q13,59890,0,0.014583412500002169,True
10000,normalized,Q13,179672,59890,0.05622107294999808,True
10000,flat,Q14,2053450,500626,1.0379254958499984,True
10000,flat_indexed,Q14,2053450,500626,1.02395645,True
10000,mid,Q14,2053450,500626,1.193166375000004,True
10000,normalized,Q14,4170635,564375,2.8218594083499964,True
10000,flat,Q15,3,2,2.7646000035019825e-06,True
10000,flat_indexed,Q15,3,2,2.627100002428051e-06,True
10000,mid,Q15,3,2,2.6083500017648475e-06,True
10000,normalized,Q15,6,2,3.7000000020270817e-06,True
10000,flat,Q16,68,24,2.540414999998575e-05,True
10000,flat_indexed,Q16,68,24,2.553539999894383e-05,True
10000,mid,Q16,117,24,4.065415000127359e-05,True
10000,normalized,Q16,234,48,9.26624999976866e-05,True
10000,flat,Q17,22174,18149,0.010680604150002182,True
10000,flat_indexed,Q17,13211,8149,0.006336918749997267,True
10000,mid,Q17,21389,12252,0.010383539549997068,True
10000,normalized,Q17,42779,12252,0.02642318955000178,True
10000,flat,Q18,117323,121742,0.031591000000003075,True
10000,flat_indexed,Q18,4419,4419,0.0017919895500028815,True
10000,mid,Q18,4419,4419,0.0020515353999996933,True
10000,normalized,Q18,8838,4419,0.00652977084999975,True
10000,flat,Q19,10000,10665,0.0024596958500012534,True
10000,flat_indexed,Q19,665,665,0.0004875083499996435,True
10000,mid,Q19,2652,1987,0.0013596916999972565,True
10000,normalized,Q19,5305,2981,0.0028330041499998516,True
10000,flat,Q20,4431,0,0.003626777099998435,True
10000,flat_indexed,Q20,4431,0,0.0036638645999971685,True
10000,mid,Q20,4431,0,0.003658570800001826,True
10000,normalized,Q20,13293,4431,0.006572720849999314,True
